elevenSt_cat,elevenSt_title,elevenSt_price,elevenSt_del,elevenSt_img
"  긴팔티 
			,
			,
		",목폴라 겨울 목티 남성용 남자 캐주얼 패션 디자인 심플 긴팔 티셔츠 캐쥬얼 예쁜 상의 국내산 긴소매,,"배송비 : 2,500원,도서산간배송비 추가,
							,
							,
							,
						","http://i.011st.com/ex_t/R/400x400/1/85/0/src/pd/19/4/4/2/4/4/6/lioEr/2344442446_B.jpg,http://i.011st.com/ex_t/R/400x400/1/85/0/src/pd/19/4/4/2/4/4/6/lioEr/2344442446_A1.jpg,http://i.011st.com/ex_t/R/400x400/1/85/0/src/pd/19/4/4/2/4/4/6/lioEr/2344442446_A2.jpg,http://i.011st.com/ex_t/R/400x400/1/85/0/src/pd/19/4/4/2/4/4/6/lioEr/2344442446_A3.jpg"
"  긴팔티 
			,
			,
		",(색상:사이즈 : 네이비:L) DIPP1832-1 커플여자기획집업자켓집업 커플후드집업 후드짚업 후드점퍼 커플점퍼,,"배송비 : 무료,도서산간배송비 추가","http://i.011st.com/ex_t/R/400x400/1/85/0/src/pd/19/7/8/2/3/7/7/umVEL/2346782377_B.jpg,http://i.011st.com/ex_t/R/400x400/1/85/0/src/pd/19/7/8/2/3/7/7/umVEL/2346782377_A1.jpg,http://i.011st.com/ex_t/R/400x400/1/85/0/src/pd/19/7/8/2/3/7/7/umVEL/2346782377_A2.jpg"
"  긴팔티 
			,
			,
		",기모반폴라 목티 긴팔 목단추 겨울 남성 남자 학생 배색 캐주얼,,"배송비 : 2,500원,도서산간배송비 추가,
							,
							,
							,
						","http://i.011st.com/ex_t/R/400x400/1/85/0/src/pd/19/7/1/3/0/4/4/KqbYn/2346713044_B.jpg,http://i.011st.com/ex_t/R/400x400/1/85/0/src/pd/19/7/1/3/0/4/4/KqbYn/2346713044_A1.jpg,http://i.011st.com/ex_t/R/400x400/1/85/0/src/pd/19/7/1/3/0/4/4/KqbYn/2346713044_A2.jpg,http://i.011st.com/ex_t/R/400x400/1/85/0/src/pd/19/7/1/3/0/4/4/KqbYn/2346713044_A3.jpg"
"  긴팔티 
			,
			,
		",(색상:사이즈 : 네이비:XL) DIPP1832-1 커플여자기획집업자켓집업 후드점퍼 남성집업후드 남자후드집업 커,,"배송비 : 무료,도서산간배송비 추가","http://i.011st.com/ex_t/R/400x400/1/85/0/src/pd/19/7/8/2/9/8/3/oNcRi/2346782983_B.jpg,http://i.011st.com/ex_t/R/400x400/1/85/0/src/pd/19/7/8/2/9/8/3/oNcRi/2346782983_A1.jpg,http://i.011st.com/ex_t/R/400x400/1/85/0/src/pd/19/7/8/2/9/8/3/oNcRi/2346782983_A2.jpg"
"  긴팔티 
			,
			,
		",여성폴라티셔츠 상의 긴팔 패션 여자 의류 반폴라 슬림 골지 무지 배색 밑단투톤 레이스 스판 진주 프릴,,"배송비 : 2,500원,도서산간배송비 추가,
							,
							,
							,
						","http://i.011st.com/ex_t/R/400x400/1/85/0/src/pd/19/7/0/2/6/4/8/hIToj/2345702648_B.jpg,http://i.011st.com/ex_t/R/400x400/1/85/0/src/pd/19/7/0/2/6/4/8/hIToj/2345702648_A1.jpg,http://i.011st.com/ex_t/R/400x400/1/85/0/src/pd/19/7/0/2/6/4/8/hIToj/2345702648_A2.jpg,http://i.011st.com/ex_t/R/400x400/1/85/0/src/pd/19/7/0/2/6/4/8/hIToj/2345702648_A3.jpg"
"  긴팔티 
			,
			,
		",(색상 : 블랙 | 사이즈 : 100) MTSS18172 무지 다크 아노락 티셔츠 남성티셔츠 남성긴팔티셔츠 패션긴팔티,"42,210","배송비 : 무료,도서산간배송비 추가","http://i.011st.com/ex_t/R/400x400/1/85/0/src/pd/19/6/0/6/9/3/9/nLeKQ/2343606939_B.jpg,http://i.011st.com/ex_t/R/400x400/1/85/0/src/pd/19/6/0/6/9/3/9/nLeKQ/2343606939_A1.jpg,http://i.011st.com/ex_t/R/400x400/1/85/0/src/pd/19/6/0/6/9/3/9/nLeKQ/2343606939_A2.jpg"
"  긴팔티 
			,
			,
		",(색상 : 블랙 | 사이즈 : 105) MTSS18172 무지 다크 아노락 티셔츠 패션긴팔티 남성데일리티셔츠 긴팔티셔,"42,210","배송비 : 무료,도서산간배송비 추가","http://i.011st.com/ex_t/R/400x400/1/85/0/src/pd/19/6/0/7/9/9/9/ySiFb/2343607999_B.jpg,http://i.011st.com/ex_t/R/400x400/1/85/0/src/pd/19/6/0/7/9/9/9/ySiFb/2343607999_A1.jpg,http://i.011st.com/ex_t/R/400x400/1/85/0/src/pd/19/6/0/7/9/9/9/ySiFb/2343607999_A2.jpg"
"  긴팔티 
			,
			,
		",(색상:사이즈 : 챠콜:M) DIPP1832-1 커플여자기획집업자켓집업 커플자켓 커플점퍼 남자후드집업 커플후드집,,"배송비 : 무료,도서산간배송비 추가","http://i.011st.com/ex_t/R/400x400/1/85/0/src/pd/19/7/8/3/6/2/9/vLMTb/2346783629_B.jpg,http://i.011st.com/ex_t/R/400x400/1/85/0/src/pd/19/7/8/3/6/2/9/vLMTb/2346783629_A1.jpg,http://i.011st.com/ex_t/R/400x400/1/85/0/src/pd/19/7/8/3/6/2/9/vLMTb/2346783629_A2.jpg"
"  긴팔티 
			,
			,
		",(색상:사이즈 : 연그레이:XL) DIPP1832-1 커플여자기획집업자켓집업 남성집업후드 후드짚업 커플집업 커플,,"배송비 : 무료,도서산간배송비 추가","http://i.011st.com/ex_t/R/400x400/1/85/0/src/pd/19/7/8/4/9/1/2/pmPrA/2346784912_B.jpg,http://i.011st.com/ex_t/R/400x400/1/85/0/src/pd/19/7/8/4/9/1/2/pmPrA/2346784912_A1.jpg,http://i.011st.com/ex_t/R/400x400/1/85/0/src/pd/19/7/8/4/9/1/2/pmPrA/2346784912_A2.jpg"
"  긴팔티 
			,
			,
		",(색상:사이즈 : 챠콜:XL) DIPP1832-1 커플여자기획집업자켓집업 커플후드집업 집업후드 후드점퍼 후드집업,,"배송비 : 무료,도서산간배송비 추가","http://i.011st.com/ex_t/R/400x400/1/85/0/src/pd/19/7/8/4/2/6/2/hFAFE/2346784262_B.jpg,http://i.011st.com/ex_t/R/400x400/1/85/0/src/pd/19/7/8/4/2/6/2/hFAFE/2346784262_A1.jpg,http://i.011st.com/ex_t/R/400x400/1/85/0/src/pd/19/7/8/4/2/6/2/hFAFE/2346784262_A2.jpg"
"  긴팔티 
			,
			,
		",(색상:사이즈 : 네이비:L) DIPP1832 커플남자기획집업자켓집업 커플자켓 커플집업 후드집업 후드점퍼 남자,,"배송비 : 무료,도서산간배송비 추가","http://i.011st.com/ex_t/R/400x400/1/85/0/src/pd/19/2/1/7/2/6/1/poJYa/2348217261_B.jpg,http://i.011st.com/ex_t/R/400x400/1/85/0/src/pd/19/2/1/7/2/6/1/poJYa/2348217261_A1.jpg,http://i.011st.com/ex_t/R/400x400/1/85/0/src/pd/19/2/1/7/2/6/1/poJYa/2348217261_A2.jpg"
"  긴팔티 
			,
			,
		",(색상:사이즈 : 네이비:XL) DIPP1832 커플남자기획집업자켓집업 커플자켓 후드짚업 집업후드 커플집업 후드,,"배송비 : 무료,도서산간배송비 추가","http://i.011st.com/ex_t/R/400x400/1/85/0/src/pd/19/2/1/7/6/5/5/QpIgx/2348217655_B.jpg,http://i.011st.com/ex_t/R/400x400/1/85/0/src/pd/19/2/1/7/6/5/5/QpIgx/2348217655_A1.jpg,http://i.011st.com/ex_t/R/400x400/1/85/0/src/pd/19/2/1/7/6/5/5/QpIgx/2348217655_A2.jpg"
"  긴팔티 
			,
			,
		",(색상:사이즈 : 챠콜:M) DIPP1832 커플남자기획집업자켓집업 남자후드집업 커플집업 후드집업 커플자켓 남,,"배송비 : 무료,도서산간배송비 추가","http://i.011st.com/ex_t/R/400x400/1/85/0/src/pd/19/2/1/7/9/8/3/VQcxk/2348217983_B.jpg,http://i.011st.com/ex_t/R/400x400/1/85/0/src/pd/19/2/1/7/9/8/3/VQcxk/2348217983_A1.jpg,http://i.011st.com/ex_t/R/400x400/1/85/0/src/pd/19/2/1/7/9/8/3/VQcxk/2348217983_A2.jpg"
"  긴팔티 
			,
			,
		",(색상:사이즈 : 챠콜:XL) DIPP1832 커플남자기획집업자켓집업 남자후드집업 집업후드 남성집업후드 후드짚,,"배송비 : 무료,도서산간배송비 추가","http://i.011st.com/ex_t/R/400x400/1/85/0/src/pd/19/2/1/8/3/5/0/Smfbm/2348218350_B.jpg,http://i.011st.com/ex_t/R/400x400/1/85/0/src/pd/19/2/1/8/3/5/0/Smfbm/2348218350_A1.jpg,http://i.011st.com/ex_t/R/400x400/1/85/0/src/pd/19/2/1/8/3/5/0/Smfbm/2348218350_A2.jpg"
"  긴팔티 
			,
			,
		",앨빈클로 입기좋은 스트라이프 긴팔티 무지 오버핏 커플룩 헨리넥 브이넥 포켓티 면티 남자 여성 쭉티,"13,900",배송비 : 무료,http://i.011st.com/ex_t/R/400x400/1/85/0/src/pd/19/0/2/3/4/5/0/gyWXy/173023450_B.jpg
"  긴팔티 
			,
			,
		",봄신상 티셔츠/긴팔티셔츠/맨투맨/남자티/남성티/빅사이즈/라운드티/브이넥티/V넥/무지/빅사이즈/단가라,"9,700",배송비 : 무료,http://i.011st.com/ex_t/R/400x400/1/85/0/src/pd/19/0/6/7/0/5/0/IMpMC/2293067050_B.jpg
"  긴팔티 
			,
			,
		",빅사이즈 남자 남성 긴팔티셔츠 카라티 브이넥 헨리넥 가을옷 간절기,,"배송비 : 무료,도서산간배송비 추가",http://i.011st.com/ex_t/R/400x400/1/85/0/src/pd/18/3/9/4/0/5/8/ZOXFR/1944394058_B.jpg
"  긴팔티 
			,
			,
		",남자긴팔티/실켓/슬림핏/쫄티/스판/무지/라운드/브이,"10,900","배송비 : 2,500원 (50,000원 이상 무료)
											,
							,
							,
							,
						","http://i.011st.com/ex_t/R/400x400/1/85/0/src/pd/19/9/1/7/0/8/9/IEIFu/498917089_B.jpg,http://i.011st.com/ex_t/R/400x400/1/85/0/src/pd/19/9/1/7/0/8/9/IEIFu/498917089_A1.jpg,http://i.011st.com/ex_t/R/400x400/1/85/0/src/pd/17/9/1/7/0/8/9/krBNd/498917089_A2.jpg,http://i.011st.com/ex_t/R/400x400/1/85/0/src/pd/19/9/1/7/0/8/9/IEIFu/498917089_A3.jpg"
,3+1사은품![그랜피니]봄신상/목폴라/긴팔/티셔츠/맨투맨/후드/져지/무료배송/남여공용,,,http://i.011st.com/ex_t/R/400x400/1/85/0/src/pd/19/1/5/2/8/1/0/ARfvq/1839152810_B.jpg
"  긴팔티 
			,
			,
		",무료배송 베스트 커플 티셔츠 아이템 반팔/긴팔/7부/프린팅/빅사이즈/단가라/레이어드,"9,800","배송비 : 무료,도서산간배송비 추가",http://i.011st.com/ex_t/R/400x400/1/85/0/src/pd/19/1/7/5/9/4/6/nrToX/1776175946_B.jpg
"  긴팔티 
			,
			,
		",영문민소매/GN긴/3XL/나시티셔츠/빅사이즈/운동복바캉스/단체복/트레이닝복,"5,900","배송비 : 2,500원 (9,900원 이상 무료),도서산간배송비 추가,
							,
							,
							,
						","http://i.011st.com/ex_t/R/400x400/1/85/0/src/pd/18/8/3/4/7/3/9/nYqLN/1289834739_B.jpg,http://i.011st.com/ex_t/R/400x400/1/85/0/src/pd/18/8/3/4/7/3/9/nYqLN/1289834739_A1.jpg,http://i.011st.com/ex_t/R/400x400/1/85/0/src/pd/18/8/3/4/7/3/9/nYqLN/1289834739_A2.jpg,http://i.011st.com/ex_t/R/400x400/1/85/0/src/pd/18/8/3/4/7/3/9/nYqLN/1289834739_A3.jpg"
,신상/남자긴팔티셔츠/헨리넥/면티오버핏 특가,,,"http://i.011st.com/ex_t/R/400x400/1/85/0/src/dl/19/7/3/2/4/7/7/PzHUI/13732477_128966930.jpg,http://i.011st.com/ex_t/R/400x400/1/85/0/src/pd/18/7/3/2/4/7/7/xpGNZ/13732477_A1.jpg,http://i.011st.com/ex_t/R/400x400/1/85/0/src/pd/18/7/3/2/4/7/7/xpGNZ/13732477_A2.jpg,http://i.011st.com/ex_t/R/400x400/1/85/0/src/pd/18/7/3/2/4/7/7/xpGNZ/13732477_A3.jpg"
"  긴팔티 
			,
			,
		",리얼리T #국산 #남여공용 #긴팔티 #면티 #단체티,,"배송비 : 무료,도서산간배송비 추가",http://i.011st.com/ex_t/R/400x400/1/85/0/src/pd/17/8/3/0/8/6/5/fUJIn/107830865_B.jpg
"  긴팔티 
			,
			,
		",봄신상 티셔츠/긴팔티셔츠/맨투맨/남자티/남성티/빅사이즈/라운드티/브이넥티/V넥/무지/빅사이즈/단가라,"9,700",배송비 : 무료,http://i.011st.com/ex_t/R/400x400/1/85/0/src/pd/19/4/8/5/4/2/0/pNuZE/2351485420_B.jpg
,남녀공용 오버핏 데일리 라운드 티셔츠/맨투맨/후드티,,,"http://i.011st.com/ex_t/R/400x400/1/85/0/src/dl/19/6/8/5/5/6/1/vKsWl/2331685561_128967031.jpg,http://i.011st.com/ex_t/R/400x400/1/85/0/src/pd/19/6/8/5/5/6/1/OvMFa/2331685561_A1.jpg,http://i.011st.com/ex_t/R/400x400/1/85/0/src/pd/19/6/8/5/5/6/1/OvMFa/2331685561_A2.jpg,http://i.011st.com/ex_t/R/400x400/1/85/0/src/pd/19/6/8/5/5/6/1/OvMFa/2331685561_A3.jpg"
"  긴팔티 
			,
			,
		",헨리넥 긴팔티/브이넥/나그랑/무지티/티셔츠/티/7부티,,"배송비 : 무료,도서산간배송비 추가",http://i.011st.com/ex_t/R/400x400/1/85/0/src/pd/16/4/3/8/5/0/2/pAuVM/832438502_B.jpg
"  긴팔티 
			,
			,
		",디반 M-4L 드라이 기능성 무지 긴팔 티셔츠 빅사이즈 남녀공용,,"배송비 : 2,500원 (40,000원 이상 무료)
											,
							,
							,
							,
						","http://i.011st.com/ex_t/R/400x400/1/85/0/src/pd/19/3/8/2/5/0/1/vZalT/2346382501_B.jpg,http://i.011st.com/ex_t/R/400x400/1/85/0/src/pd/19/3/8/2/5/0/1/vZalT/2346382501_A1.jpg,http://i.011st.com/ex_t/R/400x400/1/85/0/src/pd/19/3/8/2/5/0/1/vZalT/2346382501_A2.jpg"
"  긴팔티 
			,
			,
		",남자긴팔티/절개티/남성티셔츠/배색티/단가라/엠보/봄티셔츠/남자티셔츠/카라티,"9,900","배송비 : 무료,도서산간배송비 추가","http://i.011st.com/ex_t/R/400x400/1/85/0/src/pd/19/4/5/2/2/2/6/GzYJa/1841452226_B.jpg,http://i.011st.com/ex_t/R/400x400/1/85/0/src/pd/17/4/5/2/2/2/6/MTqXb/1841452226_A1.jpg,http://i.011st.com/ex_t/R/400x400/1/85/0/src/pd/19/4/5/2/2/2/6/GzYJa/1841452226_A2.jpg,http://i.011st.com/ex_t/R/400x400/1/85/0/src/pd/17/4/5/2/2/2/6/MTqXb/1841452226_A3.jpg"
"  긴팔티 
			,
			,
		",긴팔 기능성 티셔츠 등산복  쿨 라운드 봄,,"배송비 : 무료,도서산간배송비 추가","http://i.011st.com/ex_t/R/400x400/1/85/0/src/pd/19/1/8/3/1/6/6/BgBhU/2344183166_B.jpg,http://i.011st.com/ex_t/R/400x400/1/85/0/src/pd/19/1/8/3/1/6/6/BgBhU/2344183166_A1.jpg,http://i.011st.com/ex_t/R/400x400/1/85/0/src/pd/19/1/8/3/1/6/6/BgBhU/2344183166_A2.jpg,http://i.011st.com/ex_t/R/400x400/1/85/0/src/pd/19/1/8/3/1/6/6/BgBhU/2344183166_A3.jpg"
,[20%즉시할인]신상 매직 레이어드/밴드/미니/스커트/레이어드티,,,"http://i.011st.com/ex_t/R/400x400/1/85/0/src/dl/19/9/3/0/9/3/8/aQPYZ/2164930938_129004669.jpg,http://i.011st.com/ex_t/R/400x400/1/85/0/src/pd/18/9/3/0/9/3/8/VePMl/2164930938_A3.jpg"
"  긴팔티 
			,
			,
		",정품 챔피온 맨투맨 후드집업 후드티 반팔티 빅사이즈,,"배송비 : 2,500원 (500,000원 이상 무료)
											,
							,
							,
							,
						","http://i.011st.com/ex_t/R/400x400/1/85/0/src/pd/17/6/1/2/2/8/2/wxhhv/1705612282_B.jpg,http://i.011st.com/ex_t/R/400x400/1/85/0/src/pd/17/6/1/2/2/8/2/wxhhv/1705612282_A1.jpg,http://i.011st.com/ex_t/R/400x400/1/85/0/src/pd/17/6/1/2/2/8/2/wxhhv/1705612282_A2.jpg,http://i.011st.com/ex_t/R/400x400/1/85/0/src/pd/17/6/1/2/2/8/2/wxhhv/1705612282_A3.jpg"
"  긴팔티 
			,
			,
		",봄신상 M~5XL 남성라운드티 긴팔티 오버핏 박스티  루즈핏 남성긴팔티 빅사이즈 110까지w001,"12,800","배송비 : 무료,도서산간배송비 추가","http://i.011st.com/ex_t/R/400x400/1/85/0/src/pd/18/1/5/7/6/3/1/pFJqp/1853157631_B.jpg,http://i.011st.com/ex_t/R/400x400/1/85/0/src/pd/18/1/5/7/6/3/1/bDpxp/1853157631_A1.jpg,http://i.011st.com/ex_t/R/400x400/1/85/0/src/pd/18/1/5/7/6/3/1/bDpxp/1853157631_A2.jpg,http://i.011st.com/ex_t/R/400x400/1/85/0/src/pd/18/1/5/7/6/3/1/pFJqp/1853157631_A3.jpg"
,델레바인/M~4XL/맨투맨/후드티/후드집업/빅사이즈/티셔츠/기모/레이어드/남여공용,,,"http://i.011st.com/ex_t/R/400x400/1/85/0/src/pd/19/0/0/5/7/6/3/cZDOO/1579005763_B.jpg,http://i.011st.com/ex_t/R/400x400/1/85/0/src/pd/17/0/0/5/7/6/3/FrkHY/1579005763_A1.jpg,http://i.011st.com/ex_t/R/400x400/1/85/0/src/pd/17/0/0/5/7/6/3/FrkHY/1579005763_A2.jpg,http://i.011st.com/ex_t/R/400x400/1/85/0/src/pd/18/0/0/5/7/6/3/ZIAPa/1579005763_A3.jpg"
"  긴팔티 
			,
			,
		",긴팔티쭉티/균일가/YR/4XL빅사이즈/뉴소매긴팔/뉴프린팅빅4엑스까지/큰옷/긴팔쭉티/빅사이즈,"7,900","배송비 : 2,500원 (9,800원 이상 무료),도서산간배송비 추가,
							,
							,
							,
						","http://i.011st.com/ex_t/R/400x400/1/85/0/src/dl/19/8/7/9/7/0/7/ZThob/1850879707_128357400.jpg,http://i.011st.com/ex_t/R/400x400/1/85/0/src/pd/18/8/7/9/7/0/7/gnNzM/1850879707_A1.jpg,http://i.011st.com/ex_t/R/400x400/1/85/0/src/pd/18/8/7/9/7/0/7/gnNzM/1850879707_A2.jpg,http://i.011st.com/ex_t/R/400x400/1/85/0/src/pd/18/8/7/9/7/0/7/gnNzM/1850879707_A3.jpg"
"  긴팔티 
			,
			,
		",긴팔티셔츠/긴팔티/티셔츠/기본티/면티/티/남자티셔츠,,"배송비 : 무료,도서산간배송비 추가",http://i.011st.com/ex_t/R/400x400/1/85/0/src/dl/17/0/7/1/0/7/6/KbfLR/965071076_117443022.jpg
"  긴팔티 
			,
			,
		",남자티셔츠 긴팔라운드티 기능성티 쿨론티 쿨냉감티셔츠 단체복 스포츠티 운동복 단체복w025,,"배송비 : 무료,도서산간배송비 추가","http://i.011st.com/ex_t/R/400x400/1/85/0/src/pd/19/6/2/7/2/9/4/leIGc/1579627294_B.jpg,http://i.011st.com/ex_t/R/400x400/1/85/0/src/pd/19/6/2/7/2/9/4/wdWUT/1579627294_A1.jpg,http://i.011st.com/ex_t/R/400x400/1/85/0/src/pd/19/6/2/7/2/9/4/Uipeu/1579627294_A2.jpg,http://i.011st.com/ex_t/R/400x400/1/85/0/src/pd/19/6/2/7/2/9/4/wdWUT/1579627294_A3.jpg"
,봄신상 오버핏 티셔츠/루즈핏/박스/기본티/남자티,,,"http://i.011st.com/ex_t/R/400x400/1/85/0/src/dl/19/1/3/8/6/4/5/yhOoU/1577138645_129002895.jpg,http://i.011st.com/ex_t/R/400x400/1/85/0/src/pd/19/1/3/8/6/4/5/uUelC/1577138645_A1.jpg,http://i.011st.com/ex_t/R/400x400/1/85/0/src/pd/19/1/3/8/6/4/5/uUelC/1577138645_A2.jpg,http://i.011st.com/ex_t/R/400x400/1/85/0/src/pd/19/1/3/8/6/4/5/uUelC/1577138645_A3.jpg"
"  긴팔티 
			,
			,
		",더무지 프리미엄 긴팔 티셔츠 오버핏 맨투맨 후드티,"9,900",배송비 : 무료,http://i.011st.com/ex_t/R/400x400/1/85/0/src/pd/19/7/5/3/0/9/3/GveTG/2361753093_B.jpg
"  긴팔티 
			,
			,
		",제이컴퍼니 남성 투톤 냉감 기능성 티셔츠(4컬러),"5,900","배송비 : 2,500원 (30,000원 이상 무료),도서산간배송비 추가,
							,
							,
							,
						","http://i.011st.com/ex_t/R/400x400/1/85/0/src/pd/19/8/5/0/9/9/6/ygSQq/2354850996_B.jpg,http://i.011st.com/ex_t/R/400x400/1/85/0/src/pd/19/8/5/0/9/9/6/ygSQq/2354850996_A1.jpg"
,알베테 티셔츠 ~3XL/빅사이즈/오버핏,,,http://i.011st.com/ex_t/R/400x400/1/85/0/src/dl/19/3/1/5/5/6/1/ZUiUR/1831315561_128963974.jpg
"  긴팔티 
			,
			,
		",긴팔티/무지티/기본티/흰티/면티/학생티/교복안에티,,배송비 : 무료,http://i.011st.com/ex_t/R/400x400/1/85/0/src/pd/18/1/9/1/8/3/7/vEAHy/1974191837_B.jpg
"  긴팔티 
			,
			,
		",앨빈클로 프린트부터 헨리넥 브이넥 스트라이프 포켓티 무지 오버핏까지 남자 긴팔티 모음 여성 쭉티 면티,"13,900",배송비 : 무료,http://i.011st.com/ex_t/R/400x400/1/85/0/src/pd/19/1/1/0/7/8/3/ZqfSt/1112110783_B.jpg
"  긴팔티 
			,
			,
		",흰색면티/기본티/무지티/흰티/빅사이즈/단체티/런닝,,"배송비 : 2,500원 (90,000원 이상 무료),도서산간배송비 추가,
							,
							,
							,
						",http://i.011st.com/ex_t/R/400x400/1/85/0/src/pd/17/6/9/3/3/3/6/352693336_B_V7.jpg
"  긴팔티 
			,
			,
		",에이블 유니섹스 프린팅 티셔츠/면티/무지티,,"배송비 : 무료,도서산간배송비 추가",http://i.011st.com/ex_t/R/400x400/1/85/0/src/dl/17/9/8/3/4/0/6/Rsxme/1053983406_118029128.jpg
"  긴팔티 
			,
			,
		",핏 라인이 살아있는 남성 긴팔 티셔츠 라운드 브이넥 단가라 2장이상 무료배송,,"배송비 : 2,500원(수량별 차등),도서산간배송비 추가,
							,
							,
							,
						","http://i.011st.com/ex_t/R/400x400/1/85/0/src/pd/19/9/7/8/9/7/2/HSoqp/2368978972_B.jpg,http://i.011st.com/ex_t/R/400x400/1/85/0/src/pd/19/9/7/8/9/7/2/vLPZr/2368978972_A1.jpg,http://i.011st.com/ex_t/R/400x400/1/85/0/src/pd/19/9/7/8/9/7/2/vLPZr/2368978972_A2.jpg,http://i.011st.com/ex_t/R/400x400/1/85/0/src/pd/19/9/7/8/9/7/2/vLPZr/2368978972_A3.jpg"
"  긴팔티 
			,
			,
		",남녀공용 무지 긴팔티/나그랑티/맨투맨티/빅사이즈/기본티셔츠/흰색면티/흰티/남자 반팔티/무지티/단체티,,"배송비 : 2,500원,도서산간배송비 추가,
							,
							,
							,
						",http://i.011st.com/ex_t/R/400x400/1/85/0/src/am/7/3/2/1/6/9/1128732169_B_V3.jpg
"  긴팔티 
			,
			,
		",앨빈클로 봄신상 긴팔티 맨투맨 반팔티 후드집업 남자 여성 커플룩 무지 헨리넥 오버핏 브이넥 면티,"13,900","배송비 : 무료,도서산간배송비 추가",http://i.011st.com/ex_t/R/400x400/1/85/0/src/pd/19/6/6/2/7/9/8/LKSPf/155662798_B.jpg
"  긴팔티 
			,
			,
		",긴팔티셔츠/티셔츠/남자티셔츠/남성티셔츠/남자/남성,,"배송비 : 무료,도서산간배송비 추가","http://i.011st.com/ex_t/R/400x400/1/85/0/src/pd/19/3/8/6/6/1/2/RCUCM/2305386612_B.jpg,http://i.011st.com/ex_t/R/400x400/1/85/0/src/pd/19/3/8/6/6/1/2/RCUCM/2305386612_A1.jpg,http://i.011st.com/ex_t/R/400x400/1/85/0/src/pd/19/3/8/6/6/1/2/RCUCM/2305386612_A2.jpg"
"  긴팔티 
			,
			,
		",[신상핫아이템] 남자티셔츠/빅사이즈/커플티셔츠/단가라/무지/프린팅/7부/팬츠 코디필수아이템 모음,"9,800",배송비 : 무료,"http://i.011st.com/ex_t/R/400x400/1/85/0/src/dl/19/5/7/4/7/0/5/bLNdO/2304574705_128586314.jpg,http://i.011st.com/ex_t/R/400x400/1/85/0/src/pd/19/5/7/4/7/0/5/xGEbg/2304574705_A1.jpg,http://i.011st.com/ex_t/R/400x400/1/85/0/src/pd/19/5/7/4/7/0/5/xGEbg/2304574705_A2.jpg,http://i.011st.com/ex_t/R/400x400/1/85/0/src/pd/19/5/7/4/7/0/5/xGEbg/2304574705_A3.jpg"
,S/S 베스트핏 긴팔티 반팔티 맨투맨 셔츠 집업 빅사이즈까지,,,"http://i.011st.com/ex_t/R/400x400/1/85/0/src/dl/19/2/0/9/0/9/9/uTASc/604209099_128960981.jpg,http://i.011st.com/ex_t/R/400x400/1/85/0/src/pd/19/2/0/9/0/9/9/btoWP/604209099_A1.jpg,http://i.011st.com/ex_t/R/400x400/1/85/0/src/pd/19/2/0/9/0/9/9/btoWP/604209099_A2.jpg,http://i.011st.com/ex_t/R/400x400/1/85/0/src/pd/19/2/0/9/0/9/9/EVjFZ/604209099_A3.jpg"
"  긴팔티 
			,
			,
		",봄신상 티셔츠/긴팔티셔츠/맨투맨/남자티/남성티/빅사이즈/라운드티/브이넥티/V넥/무지/빅사이즈/단가라,"8,700",배송비 : 무료,http://i.011st.com/ex_t/R/400x400/1/85/0/src/pd/18/8/9/1/5/4/6/shPUc/1968891546_B.jpg
"  긴팔티 
			,
			,
		",8900~ 남자 빅사이즈 티셔츠/맨투맨/카라티/긴팔티/남성,"9,900","배송비 : 무료,도서산간배송비 추가",http://i.011st.com/ex_t/R/400x400/1/85/0/src/pd/19/6/3/4/0/3/5/tdJre/2183634035_B.jpg
"  긴팔티 
			,
			,
		",긴팔티/기본티/무지티/면티/쭉티/흰티/반티/단체티/T,,배송비 : 무료,http://i.011st.com/ex_t/R/400x400/1/85/0/src/pd/18/2/6/0/3/9/2/TSrdt/1974260392_B.jpg
"  긴팔티 
			,
			,
		",봄신상 티셔츠/긴팔티셔츠/맨투맨/남자티/남성티/빅사이즈/라운드티/브이넥티/V넥/무지/빅사이즈/단가라,"9,700",배송비 : 무료,http://i.011st.com/ex_t/R/400x400/1/85/0/src/pd/19/9/1/7/3/9/4/yeunl/2342917394_B.jpg
,[미스터스트릿] 데일리룩의정석 티셔츠/후드티/맨투맨/긴팔티 36종모음,,,http://i.011st.com/ex_t/R/400x400/1/85/0/src/pd/19/0/4/2/8/1/7/MlycS/2354042817_B.jpg
"  긴팔티 
			,
			,
		",가을 NB 전사 카라티셔츠 중년 남자 선물 TFNB-801,,"배송비 : 무료,도서산간배송비 추가",http://i.011st.com/ex_t/R/400x400/1/85/0/src/pd/19/9/8/1/9/9/6/OWMMz/2174981996_B.jpg
"  긴팔티 
			,
			,
		",NEW/봄신상/카리티/PK티/티셔츠/티/최저가/강력추천,,"배송비 : 2,500원,도서산간배송비 추가,
							,
							,
							,
						","http://i.011st.com/ex_t/R/400x400/1/85/0/src/pd/18/4/9/8/8/8/1/ChReF/1993498881_B.jpg,http://i.011st.com/ex_t/R/400x400/1/85/0/src/pd/18/4/9/8/8/8/1/ChReF/1993498881_A1.jpg,http://i.011st.com/ex_t/R/400x400/1/85/0/src/pd/18/4/9/8/8/8/1/ChReF/1993498881_A2.jpg,http://i.011st.com/ex_t/R/400x400/1/85/0/src/pd/18/4/9/8/8/8/1/ChReF/1993498881_A3.jpg"
"  긴팔티 
			,
			,
		",2019/봄신상/남성티/50대/60대/70대/성인티/아빠티/,,"배송비 : 2,500원,도서산간배송비 추가,
							,
							,
							,
						","http://i.011st.com/ex_t/R/400x400/1/85/0/src/pd/17/2/5/1/5/5/9/fLoaY/1844251559_B.jpg,http://i.011st.com/ex_t/R/400x400/1/85/0/src/pd/17/2/5/1/5/5/9/fLoaY/1844251559_A1.jpg"
,[르젠]신상 남자 긴팔티/커플티/스트라이프/프린팅/헨리넥/브이넥/라운드넥,,,http://i.011st.com/ex_t/R/400x400/1/85/0/src/dl/19/1/2/6/4/7/1/qgVRX/886126471_128961225.jpg
"  긴팔티 
			,
			,
		",봄 냉감 반폴라 티셔츠 남자 긴팔티 TSWF-901,,"배송비 : 무료,도서산간배송비 추가",http://i.011st.com/ex_t/R/400x400/1/85/0/src/pd/19/9/0/0/9/2/4/QWXiD/2340900924_B.jpg
,봄신상 오버핏 티셔츠/루즈핏/박스/기본티/남자티,,,"http://i.011st.com/ex_t/R/400x400/1/85/0/src/dl/19/1/3/8/6/4/5/yhOoU/1577138645_129002895.jpg,http://i.011st.com/ex_t/R/400x400/1/85/0/src/pd/19/1/3/8/6/4/5/uUelC/1577138645_A1.jpg,http://i.011st.com/ex_t/R/400x400/1/85/0/src/pd/19/1/3/8/6/4/5/uUelC/1577138645_A2.jpg,http://i.011st.com/ex_t/R/400x400/1/85/0/src/pd/19/1/3/8/6/4/5/uUelC/1577138645_A3.jpg"
,MNC 봄신상 파격특가 긴팔티/셔츠/후드티/맨투맨/가디건/팬츠,,,http://i.011st.com/ex_t/R/400x400/1/85/0/src/pd/19/0/3/1/4/7/7/iyjZK/1702031477_B.jpg
"  긴팔티 
			,
			,
		",봄/신상/긴팔/티셔츠/중년남성/카리티/카라넥티,,"배송비 : 2,500원(100,000원 이상 무료),도서산간배송비 추가","http://i.011st.com/ex_t/R/400x400/1/85/0/src/pd/18/1/4/7/4/2/5/Lmxvn/2157147425_B.jpg,http://i.011st.com/ex_t/R/400x400/1/85/0/src/pd/18/1/4/7/4/2/5/smyhn/2157147425_A1.jpg,http://i.011st.com/ex_t/R/400x400/1/85/0/src/pd/18/1/4/7/4/2/5/smyhn/2157147425_A2.jpg,http://i.011st.com/ex_t/R/400x400/1/85/0/src/pd/18/1/4/7/4/2/5/smyhn/2157147425_A3.jpg"
,[미스터스트릿] 데일리룩의정석 티셔츠/후드티/맨투맨/긴팔티 36종모음,,,http://i.011st.com/ex_t/R/400x400/1/85/0/src/pd/19/0/4/2/8/1/7/MlycS/2354042817_B.jpg
"  긴팔티 
			,
			,
		",올리브아웃도어 긴팔 쿨티셔츠 남자 봄가을용 70312,,"배송비 : 2,500원,도서산간배송비 추가,
							,
							,
							,
						",http://i.011st.com/ex_t/R/400x400/1/85/0/src/pd/18/2/1/3/6/3/2/tAKiB/1786213632_B.png
,남여공용 베이직/오버핏/루즈핏/긴팔티/티셔츠/헨리넥/카라/스트라이프/엠보,,,"http://i.011st.com/ex_t/R/400x400/1/85/0/src/dl/19/8/6/0/1/8/7/eAhTe/2344860187_128820084.jpg,http://i.011st.com/ex_t/R/400x400/1/85/0/src/pd/19/8/6/0/1/8/7/ounhA/2344860187_A1.jpg,http://i.011st.com/ex_t/R/400x400/1/85/0/src/pd/19/8/6/0/1/8/7/ounhA/2344860187_A2.jpg,http://i.011st.com/ex_t/R/400x400/1/85/0/src/pd/19/8/6/0/1/8/7/ounhA/2344860187_A3.jpg"
"  긴팔티 
			,
			,
		",봄신상 남성카라티 긴팔카라티 쿨론 쿨티셔츠 집업티 기능성티 운동복 스포츠티 w025,,"배송비 : 무료,도서산간배송비 추가","http://i.011st.com/ex_t/R/400x400/1/85/0/src/pd/19/1/5/4/4/9/8/eQIgA/1834154498_B.jpg,http://i.011st.com/ex_t/R/400x400/1/85/0/src/pd/19/1/5/4/4/9/8/ewNwN/1834154498_A1.jpg,http://i.011st.com/ex_t/R/400x400/1/85/0/src/pd/19/1/5/4/4/9/8/eQIgA/1834154498_A2.jpg,http://i.011st.com/ex_t/R/400x400/1/85/0/src/pd/19/1/5/4/4/9/8/ewNwN/1834154498_A3.jpg"
,MNC 봄신상 파격특가 긴팔티/셔츠/후드티/맨투맨/가디건/팬츠,,,http://i.011st.com/ex_t/R/400x400/1/85/0/src/pd/19/0/3/1/4/7/7/iyjZK/1702031477_B.jpg
"  긴팔티 
			,
			,
		",봄 여름 남성 차이나 긴팔 카라티셔츠 기능성 아웃도어 카라티 단체복,"17,800",배송비 : 무료,"http://i.011st.com/ex_t/R/400x400/1/85/0/src/pd/19/6/2/4/2/7/4/BcDmn/2161624274_B.jpg,http://i.011st.com/ex_t/R/400x400/1/85/0/src/pd/19/6/2/4/2/7/4/BcDmn/2161624274_A1.jpg,http://i.011st.com/ex_t/R/400x400/1/85/0/src/pd/19/6/2/4/2/7/4/BcDmn/2161624274_A2.jpg,http://i.011st.com/ex_t/R/400x400/1/85/0/src/pd/19/6/2/4/2/7/4/BcDmn/2161624274_A3.jpg"
"  긴팔티 
			,
			,
		",긴팔카라티셔츠 남여공용 무지티 기능성 폴로티 유니폼 볼링티 단체티 테니스복 쿨론티 단체티,,"배송비 : 2,500원 (50,000원 이상 무료),도서산간배송비 추가,
							,
							,
							,
						","http://i.011st.com/ex_t/R/400x400/1/85/0/src/pd/18/8/6/7/7/0/3/DPXBy/1401867703_B.jpg,http://i.011st.com/ex_t/R/400x400/1/85/0/src/pd/18/8/6/7/7/0/3/DPXBy/1401867703_A1.jpg,http://i.011st.com/ex_t/R/400x400/1/85/0/src/pd/18/8/6/7/7/0/3/DPXBy/1401867703_A2.jpg,http://i.011st.com/ex_t/R/400x400/1/85/0/src/pd/18/8/6/7/7/0/3/ZTYCA/1401867703_A3.jpg"
,봄신상카라티남자남성티셔츠pk카라넥차이나긴팔헨리넥,,,"http://i.011st.com/ex_t/R/400x400/1/85/0/src/dl/19/3/6/0/9/9/8/plwjG/2238360998_129051200.jpg,http://i.011st.com/ex_t/R/400x400/1/85/0/src/pd/18/3/6/0/9/9/8/YXbTQ/2238360998_A1.jpg,http://i.011st.com/ex_t/R/400x400/1/85/0/src/pd/18/3/6/0/9/9/8/YXbTQ/2238360998_A2.jpg,http://i.011st.com/ex_t/R/400x400/1/85/0/src/pd/18/3/6/0/9/9/8/YXbTQ/2238360998_A3.jpg"
"  긴팔티 
			,
			,
		",카라티/무지/긴팔티셔츠/티/남자/남성/무지/PK/피케,"16,900",배송비 : 무료,http://i.011st.com/ex_t/R/400x400/1/85/0/src/pd/19/8/8/8/0/5/7/QMEni/2342888057_B.jpg
"  긴팔티 
			,
			,
		",긴팔카라티 남자 여자  무지티 기능성 폴로티 유니폼 볼링티 단체티 테니스복 쿨론티,,"배송비 : 2,500원 (50,000원 이상 무료),도서산간배송비 추가,
							,
							,
							,
						","http://i.011st.com/ex_t/R/400x400/1/85/0/src/pd/18/1/9/2/9/8/4/VLzUf/258192984_B.jpg,http://i.011st.com/ex_t/R/400x400/1/85/0/src/pd/18/1/9/2/9/8/4/VLzUf/258192984_A1.jpg,http://i.011st.com/ex_t/R/400x400/1/85/0/src/pd/18/1/9/2/9/8/4/VLzUf/258192984_A2.jpg,http://i.011st.com/ex_t/R/400x400/1/85/0/src/pd/18/1/9/2/9/8/4/eSsvm/258192984_A3.jpg"
"  긴팔티 
			,
			,
		",남자 카라티/티셔츠/빅사이즈/카라넥/긴팔티셔츠/남자/남성,"9,900","배송비 : 무료,도서산간배송비 추가",http://i.011st.com/ex_t/R/400x400/1/85/0/src/pd/18/8/8/3/7/8/8/IUIGM/2176883788_B.jpg
"  긴팔티 
			,
			,
		",봄 남자 긴팔 카라티셔츠 카라티 카라넥 골프웨어 골프의류 골프복,,배송비 : 무료,"http://i.011st.com/ex_t/R/400x400/1/85/0/src/pd/19/8/4/6/6/9/2/MNEyf/1236846692_B.jpg,http://i.011st.com/ex_t/R/400x400/1/85/0/src/pd/19/8/4/6/6/9/2/MNEyf/1236846692_A1.jpg,http://i.011st.com/ex_t/R/400x400/1/85/0/src/pd/19/8/4/6/6/9/2/MNEyf/1236846692_A2.jpg,http://i.011st.com/ex_t/R/400x400/1/85/0/src/pd/19/8/4/6/6/9/2/MNEyf/1236846692_A3.jpg"
"  긴팔티 
			,
			,
		",봄 남성 카라티셔츠 카라넥 골프웨어 남자면티 선물,,"배송비 : 무료,도서산간배송비 추가","http://i.011st.com/ex_t/R/400x400/1/85/0/src/pd/19/7/0/7/4/6/7/TAASk/1235707467_B.jpg,http://i.011st.com/ex_t/R/400x400/1/85/0/src/pd/19/7/0/7/4/6/7/TAASk/1235707467_A1.jpg,http://i.011st.com/ex_t/R/400x400/1/85/0/src/pd/19/7/0/7/4/6/7/TAASk/1235707467_A2.jpg,http://i.011st.com/ex_t/R/400x400/1/85/0/src/pd/19/7/0/7/4/6/7/TAASk/1235707467_A3.jpg"
"  긴팔티 
			,
			,
		",봄 아웃도어티셔츠 아이스 폴라티 등산티 작업복,,"배송비 : 무료,도서산간배송비 추가","http://i.011st.com/ex_t/R/400x400/1/85/0/src/pd/19/6/6/3/3/0/7/vuMdI/1605663307_B.jpg,http://i.011st.com/ex_t/R/400x400/1/85/0/src/pd/19/6/6/3/3/0/7/vuMdI/1605663307_A1.jpg,http://i.011st.com/ex_t/R/400x400/1/85/0/src/pd/19/6/6/3/3/0/7/vuMdI/1605663307_A2.jpg,http://i.011st.com/ex_t/R/400x400/1/85/0/src/pd/19/6/6/3/3/0/7/vuMdI/1605663307_A3.jpg"
"  긴팔티 
			,
			,
		",제이컴퍼니 기능성 밴드넥 집업 냉감 긴팔 티셔츠,"9,900","배송비 : 2,500원 (30,000원 이상 무료),도서산간배송비 추가,
							,
							,
							,
						",http://i.011st.com/ex_t/R/400x400/1/85/0/src/pd/19/8/1/1/6/3/7/byMAQ/2342811637_B.jpg
"  긴팔티 
			,
			,
		",봄신상 남성카라넥티 남성 긴팔티 골프티 기능성티 골프웨어 PK 작업복 w027,"15,800","배송비 : 무료,도서산간배송비 추가","http://i.011st.com/ex_t/R/400x400/1/85/0/src/pd/19/6/2/9/7/8/2/HdQgq/1579629782_B.jpg,http://i.011st.com/ex_t/R/400x400/1/85/0/src/pd/19/6/2/9/7/8/2/HdQgq/1579629782_A1.jpg,http://i.011st.com/ex_t/R/400x400/1/85/0/src/pd/19/6/2/9/7/8/2/HdQgq/1579629782_A2.jpg,http://i.011st.com/ex_t/R/400x400/1/85/0/src/pd/19/6/2/9/7/8/2/HdQgq/1579629782_A3.jpg"
"  긴팔티 
			,
			,
		",카라티/무지/긴팔티셔츠/티/남자/남성/무지/PK/피케,"13,900",배송비 : 무료,http://i.011st.com/ex_t/R/400x400/1/85/0/src/pd/18/2/2/9/3/9/6/AwoOP/1346229396_B.jpg
"  긴팔티 
			,
			,
		",기능성긴팔티 쿨카라 빅사이즈 회사 단체 선거 쿨론 유니폼 행사티 긴팔카라티 기능성 간절기 4XL 남녀공용,,"배송비 :  2,500원  (50,000원 이상 무료),도서산간배송비 추가,
							,
							,
							,
						",http://i.011st.com/ex_t/R/400x400/1/85/0/src/pd/17/2/6/4/6/3/5/doRRZ/1842264635_B.jpg
"  긴팔티 
			,
			,
		",봄상품/95~110사이즈/국내생산/남성티셔츠/착용감이좋은,,"배송비 : 무료,도서산간배송비 추가","http://i.011st.com/ex_t/R/400x400/1/85/0/src/pd/19/2/0/0/7/4/3/KBFJe/1213200743_B.jpg,http://i.011st.com/ex_t/R/400x400/1/85/0/src/pd/19/2/0/0/7/4/3/hBRkT/1213200743_A1.jpg,http://i.011st.com/ex_t/R/400x400/1/85/0/src/pd/19/2/0/0/7/4/3/EmyaK/1213200743_A2.jpg"
"  긴팔티 
			,
			,
		",[윌슨] 브랜드긴팔티/기능성티셔츠/카라티/긴팔티/단체티,,배송비 : 무료,"http://i.011st.com/ex_t/R/400x400/1/85/0/src/pd/18/0/8/9/1/6/4/csTLd/1246089164_B.jpg,http://i.011st.com/ex_t/R/400x400/1/85/0/src/pd/18/0/8/9/1/6/4/csTLd/1246089164_A1.jpg,http://i.011st.com/ex_t/R/400x400/1/85/0/src/pd/18/0/8/9/1/6/4/csTLd/1246089164_A2.jpg,http://i.011st.com/ex_t/R/400x400/1/85/0/src/pd/18/0/8/9/1/6/4/csTLd/1246089164_A3.jpg"
"  긴팔티 
			,
			,
		",긴팔 카라티셔츠/단체티/기본티/행사티/흰티/긴팔면티,,"배송비 : 무료,도서산간배송비 추가","http://i.011st.com/ex_t/R/400x400/1/85/0/src/pd/17/7/0/1/0/7/5/CVdwb/1838701075_B.jpg,http://i.011st.com/ex_t/R/400x400/1/85/0/src/pd/17/7/0/1/0/7/5/gTRiU/1838701075_A1.jpg,http://i.011st.com/ex_t/R/400x400/1/85/0/src/pd/19/7/0/1/0/7/5/XqgLx/1838701075_A2.jpg,http://i.011st.com/ex_t/R/400x400/1/85/0/src/pd/19/7/0/1/0/7/5/XqgLx/1838701075_A3.jpg"
,코오롱 쿨론 긴팔 카라티 기능성 반팔 단체티,,,http://i.011st.com/ex_t/R/400x400/1/85/0/src/dl/19/5/6/0/7/7/6/sCcCK/1139560776_128819949.jpg
"  긴팔티 
			,
			,
		",남자/남성 빅사이즈남성의류 티셔츠/카라티/맨투맨/맥스마인드,,"배송비 : 2,500원 (50,000원 이상 무료),도서산간배송비 추가,
							,
							,
							,
						","http://i.011st.com/ex_t/R/400x400/1/85/0/src/pd/19/6/9/4/6/9/8/QAzEh/20694698_B.jpg,http://i.011st.com/ex_t/R/400x400/1/85/0/src/pd/19/6/9/4/6/9/8/QAzEh/20694698_A1.jpg,http://i.011st.com/ex_t/R/400x400/1/85/0/src/pd/19/6/9/4/6/9/8/QAzEh/20694698_A2.jpg,http://i.011st.com/ex_t/R/400x400/1/85/0/src/pd/19/6/9/4/6/9/8/QAzEh/20694698_A3.jpg"
"  긴팔티 
			,
			,
		",[에어워크] 신상특가/반팔티셔츠/여름티/라운드티/카라티/스판티/단체티셔츠,,"배송비 : 무료(20,000원 이상 무료)","http://i.011st.com/ex_t/R/400x400/1/85/0/src/pd/18/5/7/6/1/8/8/OjvBy/704576188_B.jpg,http://i.011st.com/ex_t/R/400x400/1/85/0/src/pd/18/5/7/6/1/8/8/OjvBy/704576188_A1.jpg,http://i.011st.com/ex_t/R/400x400/1/85/0/src/pd/18/5/7/6/1/8/8/OjvBy/704576188_A2.jpg,http://i.011st.com/ex_t/R/400x400/1/85/0/src/pd/18/5/7/6/1/8/8/OjvBy/704576188_A3.jpg"
