auction_cat,auction_title,auction_price1,auction_price2,auction_del,auction_img,auction_url
브이넥티셔츠,국산 V넥반팔티/브이넥반팔면티/브이넥티/브이넥면티,"3,130",,,http://image.auction.co.kr/itemimage/3d/17/25/3d1725796.jpg,http://itempage3.auction.co.kr/DetailView.aspx?itemno=A631583547
브이넥티셔츠,캐주얼 브랜드 빅사이즈 브이넥 빈티지 반팔티 Wizard,"6,270",,,http://image.auction.co.kr/itemimage/15/ff/30/15ff3056e6.jpg,http://itempage3.auction.co.kr/DetailView.aspx?itemno=B548374433
브이넥티셔츠,반팔티/브이넥/V넥/면티/흰티/기본티/무지티/단체티,"3,800",,무료배송,http://image.auction.co.kr/itemimage/14/35/d3/1435d32d06.jpg,http://itempage3.auction.co.kr/DetailView.aspx?itemno=B501565844
브이넥티셔츠,"유니클로,일본 UNIQLO 유니클로 에어리즘 심리스 V넥 반팔T","18,600",,,http://image.auction.co.kr/itemimage/14/e5/df/14e5df5e86.jpg,http://itempage3.auction.co.kr/DetailView.aspx?itemno=B518852635
브이넥티셔츠,"리바이스,직수입 타미힐피거 반팔티 (V넥) 2387 (BLUE)","19,900",,,http://image.auction.co.kr/itemimage/eb/5a/a2/eb5aa2da6.jpg,http://itempage3.auction.co.kr/DetailView.aspx?itemno=B314101504
브이넥티셔츠,앨빈클로 베이직 브이넥 가죽패치 V넥 반팔티셔츠 1+1,"22,800",,무료배송,http://image.auction.co.kr/itemimage/15/c8/27/15c8276466.jpg,http://itempage3.auction.co.kr/DetailView.aspx?itemno=B543265257
브이넥티셔츠,티셔츠/라운드/브이넥/반팔/7부/박스/남성/남자/박스,"7,520",,무료배송,http://image.auction.co.kr/itemimage/f5/44/fe/f544fec96.jpg,http://itempage3.auction.co.kr/DetailView.aspx?itemno=A766693196
브이넥티셔츠,반팔티셔츠/fea van halen 1984 world tour mens gra,"25,300",,,http://image.auction.co.kr/itemimage/18/75/ea/1875ea8046.jpg,http://itempage3.auction.co.kr/DetailView.aspx?itemno=B657114797
브이넥티셔츠,"리바이스,타미힐피거  반팔티  09T3140001 /블랙/V넥","24,000",,,http://image.auction.co.kr/itemimage/17/6f/92/176f9290d6.jpg,http://itempage3.auction.co.kr/DetailView.aspx?itemno=B607649981
브이넥티셔츠,초특가/쿨론 V넥 반팔(3XL)/단체티/티셔츠(쿨론티),"7,000",,,http://image.auction.co.kr/itemimage/15/d0/ba/15d0ba1c86.jpg,http://itempage3.auction.co.kr/DetailView.aspx?itemno=B544113096
브이넥티셔츠,DGI1824 남자기본브이반팔면티셔츠 브이넥 남자티셔츠,"4,480",,,http://image.auction.co.kr/itemimage/18/35/3c/18353c3de6.jpg,http://itempage3.auction.co.kr/DetailView.aspx?itemno=B644879722
브이넥티셔츠,쿨티셔츠 남자 기능성 아이스 쿨티 여름 반팔 쿨링티,"6,070",,,http://image.auction.co.kr/itemimage/16/38/57/16385723b6.jpg,http://itempage3.auction.co.kr/DetailView.aspx?itemno=B554132780
브이넥티셔츠,반팔티/V넥/커플티/무지티/남자/면티/남여공용/단체티,"8,010",,무료배송,http://image.auction.co.kr/itemimage/12/ac/55/12ac55fed6.jpg,http://itempage3.auction.co.kr/DetailView.aspx?itemno=B461919170
민소매/나시티셔츠,남성용 슬림핏 베이직 후드 나시티,"9,800",,무료배송,http://image.auction.co.kr/itemimage/18/95/9c/18959c77c6.jpg,http://itempage3.auction.co.kr/DetailView.aspx?itemno=B662442624
민소매/나시티셔츠,좋은사람들 남성 런닝 90-110 속옷 난닝구 이너웨어,"2,500",,,http://image.auction.co.kr/itemimage/15/0f/78/150f785b66.jpg,http://itempage3.auction.co.kr/DetailView.aspx?itemno=B524534501
브이넥티셔츠,MD-2T2 코튼 V넥 빅사이즈 반팔티셔츠 M~5XL남녀공용,"13,800",,무료배송,http://image.auction.co.kr/itemimage/14/c1/f7/14c1f75516.jpg,http://itempage3.auction.co.kr/DetailView.aspx?itemno=B514730099
민소매/나시티셔츠,여름 전상품 시즌베스트 특가 나시/반팔/트레이닝,"9,900",,,http://image.auction.co.kr/itemimage/15/98/1a/15981a4836.jpg,http://itempage3.auction.co.kr/DetailView.aspx?itemno=A749047015
민소매/나시티셔츠,여름 신상 베스트 구성/반팔 나시 반바지 7부바지,"9,900",,,http://image.auction.co.kr/itemimage/15/9a/44/159a442106.jpg,http://itempage3.auction.co.kr/DetailView.aspx?itemno=A749047293
민소매/나시티셔츠,여름 베스트 Hit 프리미엄 반팔/나시/반바지 50종,"9,900",,,http://image.auction.co.kr/itemimage/15/98/20/1598209806.jpg,http://itempage3.auction.co.kr/DetailView.aspx?itemno=A749047371
민소매/나시티셔츠,겨울 베스트 특가/프리미엄 면/폴리기모 50종(M-3XL),"7,900",,,http://image.auction.co.kr/itemimage/17/90/21/179021f256.jpg,http://itempage3.auction.co.kr/DetailView.aspx?itemno=A749046855
민소매/나시티셔츠,겨울 베스트 Hit  면/폴리기모 맨투맨 후드 트레이닝,"7,110",,,http://image.auction.co.kr/itemimage/17/8f/ab/178fab2856.jpg,http://itempage3.auction.co.kr/DetailView.aspx?itemno=A749046945
민소매/나시티셔츠,공용 베스트 유니크 반팔 반바지 나시 50종(-3XL),"9,900",,,http://image.auction.co.kr/itemimage/15/98/6a/15986acfe6.jpg,http://itempage3.auction.co.kr/DetailView.aspx?itemno=A749047116
카라넥티셔츠,(TT쿨론고급스판카라티연두)_라인몰카라티/단체할인,,"23,100",,http://image.auction.co.kr/itemimage/bf/e8/a5/bfe8a54b6.jpg,http://itempage3.auction.co.kr/DetailView.aspx?itemno=B205368647
카라넥티셔츠,(TT1201검정)쿨론카라넥티셔츠_라인몰반팔티셔츠,"28,600",,,http://image.auction.co.kr/itemimage/b5/8f/78/b58f78916.jpg,http://itempage3.auction.co.kr/DetailView.aspx?itemno=B205366018
라운드넥티셔츠,국산 코오롱 벌레퇴치 군인 군용 쿨 티셔츠 성인/아동,,"31,960",무료배송,http://image.auction.co.kr/itemimage/15/b3/00/15b3003606.jpg,http://itempage3.auction.co.kr/DetailView.aspx?itemno=B541252218
라운드넥티셔츠,남성/여성/반팔티셔츠/빅사이즈/남여공용/커플/90-120,"9,900",,무료배송,http://image.auction.co.kr/itemimage/18/c8/40/18c840b266.jpg,http://itempage3.auction.co.kr/DetailView.aspx?itemno=B496918732
카라넥티셔츠,(TT1201아쿠아)쿨론카라넥티셔츠_라인몰반팔티셔츠,"28,600",,,http://image.auction.co.kr/itemimage/b5/8f/5e/b58f5e846.jpg,http://itempage3.auction.co.kr/DetailView.aspx?itemno=B205365440
카라넥티셔츠,(TT1201백색)쿨론카라넥티셔츠_라인몰반팔티셔츠,,"28,600",,http://image.auction.co.kr/itemimage/b5/8f/39/b58f39316.jpg,http://itempage3.auction.co.kr/DetailView.aspx?itemno=B205364806
카라넥티셔츠,Abercrombie Fitch[7617]아베크롬비/아베/아베티/아베카라티/카라티/미주판/국내바로배송,,"37,900",,http://image.auction.co.kr/itemimage/89/1e/2c/891e2cc46.jpg,http://itempage3.auction.co.kr/DetailView.aspx?itemno=A873535067
라운드넥티셔츠,남자 봄 반팔 7부 레터링 박스티/무지/여름/오버핏/면,"16,800",,무료배송,http://image.auction.co.kr/itemimage/18/ad/9a/18ad9a4ff6.jpg,http://itempage3.auction.co.kr/DetailView.aspx?itemno=B512251602
카라넥티셔츠,(TT1201오렌지)쿨론카라넥티셔츠_라인몰반팔티셔츠,"28,600",,,http://image.auction.co.kr/itemimage/b5/8f/6e/b58f6e396.jpg,http://itempage3.auction.co.kr/DetailView.aspx?itemno=B205365695
카라넥티셔츠,(TT1201라임)쿨론카라넥티셔츠_라인몰반팔티셔츠,,"28,600",,http://image.auction.co.kr/itemimage/b5/8f/54/b58f54246.jpg,http://itempage3.auction.co.kr/DetailView.aspx?itemno=B205365268
카라넥티셔츠,긴팔 반팔 작업티 단체티 유니폼 정비복 작업복,"20,400",,,http://image.auction.co.kr/itemimage/16/ff/2c/16ff2c15a6.jpg,http://itempage3.auction.co.kr/DetailView.aspx?itemno=A798467390
카라넥티셔츠,"비에프엘아웃도어,티셔츠 버팔로 기능성 로웬 반팔카라티","15,300",,무료배송,http://image.auction.co.kr/itemimage/15/bb/33/15bb336776.jpg,http://itempage3.auction.co.kr/DetailView.aspx?itemno=A814845658
카라넥티셔츠,(TT쿨론고급스판카라티_백색)카라티_라인몰반팔티셔츠,"23,100",,,http://image.auction.co.kr/itemimage/b5/8f/e9/b58fe98f6.jpg,http://itempage3.auction.co.kr/DetailView.aspx?itemno=B205368326
카라넥티셔츠,ck 직수입  캘빈클라인 V넥 니트 MG31N06 charcoal,,"69,000",,http://image.auction.co.kr/itemimage/6c/1a/09/6c1a09ed6.jpg,http://itempage3.auction.co.kr/DetailView.aspx?itemno=A788998388
카라넥티셔츠,Polo[7158]폴로/카라티/메쉬티/폴로티/폴로카라티/폴로보이즈/스트라이프/남녀공용가/정품/국내배송,,"39,900",,http://image.auction.co.kr/itemimage/89/21/1e/89211e356.jpg,http://itempage3.auction.co.kr/DetailView.aspx?itemno=A873576764
카라넥티셔츠,ck 직수입  캘빈클라인 V넥 니트 MG31N06 Black,,"69,000",,http://image.auction.co.kr/itemimage/6c/1a/09/6c1a092d6.jpg,http://itempage3.auction.co.kr/DetailView.aspx?itemno=A788998347
카라넥티셔츠,ck 직수입  캘빈클라인 V넥 니트 MG31N06 coffee,,"69,000",,http://image.auction.co.kr/itemimage/6c/1a/0c/6c1a0c0e6.jpg,http://itempage3.auction.co.kr/DetailView.aspx?itemno=A788998521
카라넥티셔츠,WORLD NIKE/반팔카라티 신품 COOLDRY일본판 /반팔티/,,"15,100",,http://image.auction.co.kr/itemimage/6a/b8/42/6ab8424e6.jpg,http://itempage3.auction.co.kr/DetailView.aspx?itemno=A784090636
카라넥티셔츠,무지 24컬러 카라티 단체티 유니폼 무지티,"6,200",,,http://image.auction.co.kr/itemimage/12/6b/6b/126b6bf236.jpg,http://itempage3.auction.co.kr/DetailView.aspx?itemno=A809863811
카라넥티셔츠,ck 직수입  캘빈클라인 V넥 니트 MG31N06 연블루,,"69,000",,http://image.auction.co.kr/itemimage/6c/1a/0b/6c1a0bb46.jpg,http://itempage3.auction.co.kr/DetailView.aspx?itemno=A788998496
카라넥티셔츠,{MD정품}냉감셔츠(1+1)남성/에코헬론/얼음셔츠/쿨셔츠/반팔티/티셔츠/카라티/여름셔츠/자외선차단/땀흡수,,"98,010",무료배송,http://image.auction.co.kr/itemimage/69/3a/fc/693afc7f6.jpg,http://itempage3.auction.co.kr/DetailView.aspx?itemno=A779391544
카라넥티셔츠,ck 직수입  캘빈클라인 V넥 니트 MG31N06 Red (레드),,"69,000",,http://image.auction.co.kr/itemimage/6c/1a/0a/6c1a0aae6.jpg,http://itempage3.auction.co.kr/DetailView.aspx?itemno=A788998427
