auction_cat,auction_title,auction_price,auction_del,auction_img,auction_url
카라넥티셔츠,"프레드페리,프레드페리 M3600 트윈팁 피케티셔츠","79,000",무료배송,http://image.auction.co.kr/itemimage/18/bc/e9/18bce94696.jpg,http://itempage3.auction.co.kr/DetailView.aspx?itemno=B668024730
카라넥티셔츠,코오롱원단 여름티 쿨론티 단체티 기능성티 작업복티,"10,200",,http://image.auction.co.kr/itemimage/3a/fd/76/3afd760a6.jpg,http://itempage3.auction.co.kr/DetailView.aspx?itemno=A618965075
카라넥티셔츠,남자 반팔티 카라티셔츠 카라넥 반팔 골프 남성 M7010,"19,800",무료배송,http://image.auction.co.kr/itemimage/18/c7/45/18c745a7d6.jpg,http://itempage3.auction.co.kr/DetailView.aspx?itemno=B668112448
카라넥티셔츠,"알프렌즈,9900~남자 반팔 카라티 티셔츠 pk 빅사이즈","19,800",무료배송,http://image.auction.co.kr/itemimage/15/05/6e/15056e2eb6.jpg,http://itempage3.auction.co.kr/DetailView.aspx?itemno=A524171838
카라넥티셔츠,아디다스 카라티 폴로티 빅사이즈 125까지 MH BSC 2종,"35,140",,http://image.auction.co.kr/itemimage/18/40/a0/1840a06866.jpg,http://itempage3.auction.co.kr/DetailView.aspx?itemno=B646973162
카라넥티셔츠,남성 빅사이즈 폴로 티셔츠 카라 반팔 티 쿨 도트 P25,"22,700",무료배송,http://image.auction.co.kr/itemimage/15/93/d4/1593d41a46.jpg,http://itempage3.auction.co.kr/DetailView.aspx?itemno=B537895859
카라넥티셔츠,"고랄,여름 쿨 반팔카라티 쿨티 반팔티 쿨티셔츠 쿨카라티","8,910",무료배송,http://image.auction.co.kr/itemimage/16/31/30/1631304416.jpg,http://itempage3.auction.co.kr/DetailView.aspx?itemno=B553368263
카라넥티셔츠,"폴로랄프로렌,폴로/랄프로렌/빅포니/빅사이즈/정품보장/성인폴로","69,800",,http://image.auction.co.kr/itemimage/eb/4c/e6/eb4ce66e6.jpg,http://itempage3.auction.co.kr/DetailView.aspx?itemno=B237799774
카라넥티셔츠,남녀공용 반팔 PK카라티/단체티/무지티/반티/서빙복,"9,800",,http://image.auction.co.kr/itemimage/17/99/0a/17990a2796.jpg,http://itempage3.auction.co.kr/DetailView.aspx?itemno=B239282984
카라넥티셔츠,"라크로스,남녀 카라티/티셔츠/반팔티/PK/빅사이즈/단체복 페인팅","11,900",무료배송,http://image.auction.co.kr/itemimage/18/6d/0c/186d0c54f6.jpg,http://itempage3.auction.co.kr/DetailView.aspx?itemno=B653465907
카라넥티셔츠,특가004 단체티-쿨카라 단체복-작업복티-볼링티-인쇄,"4,500",,http://image.auction.co.kr/itemimage/18/a1/f8/18a1f84446.jpg,http://itempage3.auction.co.kr/DetailView.aspx?itemno=B662533596
카라넥티셔츠,블루크러쉬 남성 바람솔솔 카라셔츠 4종,"38,800",무료배송,http://image.auction.co.kr/itemimage/18/87/fb/1887fb1e86.jpg,http://itempage3.auction.co.kr/DetailView.aspx?itemno=B660472189
라운드넥티셔츠,30수 무지티 단체티 기본티 면티 반팔티 WF10004 /,"2,900",,http://image.auction.co.kr/itemimage/17/56/ff/1756ff28c6.jpg,http://itempage3.auction.co.kr/DetailView.aspx?itemno=B602972363
카라넥티셔츠,"라크로스,남녀 카라티/티셔츠/반팔티/PK/빅사이즈/단체복 니트","11,900",무료배송,http://image.auction.co.kr/itemimage/18/6d/0b/186d0b3c96.jpg,http://itempage3.auction.co.kr/DetailView.aspx?itemno=B653442209
라운드넥티셔츠,국산 흰티셔츠/무지티/라운드티/단체티,"4,050",,http://image.auction.co.kr/itemimage/1c/35/3d/1c353d5c6.jpg,http://itempage3.auction.co.kr/DetailView.aspx?itemno=A559893579
라운드넥티셔츠,hood sleeveless (3colors)/후드 나시티/남성후드나시/후드티,"19,000",,http://image.auction.co.kr/itemimage/1b/be/f0/1bbef0956.jpg,http://itempage3.auction.co.kr/DetailView.aspx?itemno=A559303570
카라넥티셔츠,MD탐PK카라넥반팔티셔츠 남자 남성 빅사이즈 3XL,"23,900",무료배송,http://image.auction.co.kr/itemimage/14/d1/43/14d1432a06.jpg,http://itempage3.auction.co.kr/DetailView.aspx?itemno=B516497776
,"고스트리퍼블릭,라인포인트 PK-Polo 카라티셔츠 / 카라티 GK-418","17,910",,http://image.auction.co.kr/itemimage/12/3b/03/123b03f926.jpg,http://itempage3.auction.co.kr/DetailView.aspx?itemno=B447420312
라운드넥티셔츠,무료배송 [인사동문화] 부채(전통문양티셔츠)-아동용티셔츠/반팔티셔츠/한글티셔츠/손글씨/전통문화/커플티/가족티셔츠,"15,340",무료배송,http://image.auction.co.kr/itemimage/64/35/ed/6435ed1c6.jpg,http://itempage3.auction.co.kr/DetailView.aspx?itemno=A762737523
라운드넥티셔츠,무료배송 [인사동문화] 까치호랑이(전통문양티셔츠)-아동용티셔츠/반팔티셔츠/한글티셔츠/손글씨/전통문화/커플티/가족티셔츠,"13,690",무료배송,http://image.auction.co.kr/itemimage/64/35/eb/6435eb876.jpg,http://itempage3.auction.co.kr/DetailView.aspx?itemno=A762737413
라운드넥티셔츠,신랑신부2 (전통문양티셔츠)-아동용티셔츠/반팔티셔츠,"16,000",,http://image.auction.co.kr/itemimage/64/35/e3/6435e3a76.jpg,http://itempage3.auction.co.kr/DetailView.aspx?itemno=A762736873
라운드넥티셔츠,무료배송 [인사동문화] 삼태극(전통문양티셔츠)-아동용티셔츠/반팔티셔츠/한글티셔츠/손글씨/전통문화/커플티/가족티셔츠,"13,690",무료배송,http://image.auction.co.kr/itemimage/64/35/e6/6435e6ac6.jpg,http://itempage3.auction.co.kr/DetailView.aspx?itemno=A762737083
라운드넥티셔츠,태권도(전통문양티셔츠)-아동용티셔츠/반팔티셔츠,"15,010",,http://image.auction.co.kr/itemimage/64/35/e9/6435e9f06.jpg,http://itempage3.auction.co.kr/DetailView.aspx?itemno=A762737303
라운드넥티셔츠,TS01 라운드면티/반팔티/단체티/서빙복/유니폼/노랑/곤색/티셔츠/무지티/빅사이즈/나그랑/커플티/프린트,"6,000",,http://image.auction.co.kr/itemimage/71/1b/80/711b80b36.jpg,http://itempage3.auction.co.kr/DetailView.aspx?itemno=A803994362
라운드넥티셔츠,무료배송 [인사동문화] 꽃신(전통문양티셔츠)-아동용티셔츠/반팔티셔츠/한글티셔츠/손글씨/전통문화/커플티/가족티셔츠,"15,340",무료배송,http://image.auction.co.kr/itemimage/64/35/e5/6435e52b6.jpg,http://itempage3.auction.co.kr/DetailView.aspx?itemno=A762736980
라운드넥티셔츠,12색상 S~XXXL 국산 기능성 쿨론반팔티 단체티 반티,"5,200",,http://image.auction.co.kr/itemimage/70/35/ca/7035caa46.jpg,http://itempage3.auction.co.kr/DetailView.aspx?itemno=A801513696
라운드넥티셔츠,MULTA  라운드 티셔츠 (95사이즈) - 9725,"12,000",,http://image.auction.co.kr/itemimage/6f/98/cb/6f98cbbf6.jpg,http://itempage3.auction.co.kr/DetailView.aspx?itemno=A799821623
라운드넥티셔츠,무료배송 [인사동문화] 나비신랑(전통문양티셔츠)-아동용티셔츠/반팔티셔츠/한글티셔츠/손글씨/전통문화/커플티/가족티셔츠,"13,690",무료배송,http://image.auction.co.kr/itemimage/64/35/e8/6435e81e6.jpg,http://itempage3.auction.co.kr/DetailView.aspx?itemno=A762737176
라운드넥티셔츠,DUB 화이트티셔츠/반팔티셔츠/프린트티셔츠/레이싱의류/레이싱티셔츠/튜닝티셔츠/반팔라운드티셔츠/T셔츠,"24,900",,http://image.auction.co.kr/itemimage/6d/f6/00/6df600bb6.jpg,http://itempage3.auction.co.kr/DetailView.aspx?itemno=A794826603
라운드넥티셔츠,호랑이-검정 (전통문양)-아동용티셔츠/반팔티셔츠,"16,000",,http://image.auction.co.kr/itemimage/64/35/e2/6435e21f6.jpg,http://itempage3.auction.co.kr/DetailView.aspx?itemno=A762736772
라운드넥티셔츠,DUB 블랙티셔츠/반팔티셔츠/프린트티셔츠/레이싱의류/레이싱티셔츠/튜닝티셔츠/반팔라운드티셔츠/반팔T셔츠,"24,900",,http://image.auction.co.kr/itemimage/6d/f6/17/6df617136.jpg,http://itempage3.auction.co.kr/DetailView.aspx?itemno=A794827726
라운드넥티셔츠,(MD153아쿠아)싱글스판라운드티__라인몰반팔티셔츠,"13,000",,http://image.auction.co.kr/itemimage/b9/5f/12/b95f12686.jpg,http://itempage3.auction.co.kr/DetailView.aspx?itemno=B212708033
라운드넥티셔츠,XXL XXXL XXXXL 전문 남성 간지 전용몰 쇼코,"10,620",,http://image.auction.co.kr/itemimage/6e/1f/a9/6e1fa91f6.jpg,http://itempage3.auction.co.kr/DetailView.aspx?itemno=A795219204
라운드넥티셔츠,당일배송 아베크롬비 남성 반팔티 123-238-1158-030,"54,000",,http://image.auction.co.kr/itemimage/bd/42/6a/bd426af06.jpg,http://itempage3.auction.co.kr/DetailView.aspx?itemno=A763019823
